number,phoneNumberID
+1-555-6768,b6e0ced9-a7eb-4fbf-9f94-e8c052720f3e
+1-555-4394,a807c34e-5fe0-4d54-af12-ff2df20b9f73
+1-555-2971,75c6d3c1-7041-4882-a79e-fb606cda3bff
+1-555-7952,8a933a6c-b88f-45f7-87ec-2ba42010b0a5
+1-555-1447,46381c30-ec4e-4fc6-872d-60dec9173453
+1-555-1556,ed62d996-0a2d-4d14-ba62-23fe7ae23309
+1-555-5649,e8e6e05f-b46b-410c-8090-3934d1af0d25
+1-555-6564,e9abf7d4-8eef-4bcb-86b6-e73cecea403b
+1-555-9948,52f8e1fb-10ee-4a63-bda7-63cbde099684
+1-555-3800,10a4ba58-5ba4-47b4-af43-50d48346b7cd
+1-555-1554,5731da0d-9b74-4818-b51c-deb0f111ca3a
+1-555-6803,3996e730-4af9-48f2-9566-40b497667aee
+1-555-2079,0d829c0b-1e01-4dc8-82ad-a033326c2320
+1-555-2035,2c2744cc-870b-406d-a368-27901ea8627c
+1-555-5728,2f4fc5a6-ce00-4384-9e75-fad6a0c53366
+1-555-6071,d3cacf7f-2e73-45d7-b96c-04b04de9f287
+1-555-5378,83824937-efa7-4b9e-8c64-d7db3ad48edb
+1-555-9641,2fcaa219-5364-448a-aa27-15c15d31d82a
+1-555-9962,bba276ca-2216-4f72-bd8e-ca34f266caf6
+1-555-4116,63082b82-eb06-4566-b4b1-76efff516fae
+1-555-9575,cc783d0d-745a-45d5-b6a5-7bbaad2f4e08
+1-555-9942,0dce93d9-2a6f-4281-a981-b007214549e7
+1-555-7987,952a31ef-5a39-46c8-8067-c632ee2e59e3
+1-555-1786,3139b099-5af6-440e-81d9-a883e07f0daa
+1-555-3357,0766fa22-0cd3-476f-ba4f-64699580f92e
+1-555-8607,662f4e81-077b-4c8e-889d-ab1c1e6e8421
+1-555-3896,5a0ea1e5-c694-4186-94c7-9ac4b5295da3
+1-555-4431,6dd78f1b-13e7-4a04-b0f1-d2226aa65e41
+1-555-8844,567f70c2-e7f2-4bed-a96b-8ef3a3c048f6
+1-555-5238,11608ed9-c883-40ce-af35-ec3d794512ca
+1-555-2450,2381f2d3-4622-421d-ac71-927b35e79f4d
+1-555-6265,a6069cb3-3e62-4239-8cc0-5b85b133c304
+1-555-9270,a4627ea2-a1f2-4f66-83f9-f81239c02d5d
+1-555-5373,ba332713-e89c-4fdd-9d6c-5651568d98fc
+1-555-7433,3d297f6a-7caa-45aa-9716-a093bed186c9
+1-555-2558,51f5f586-afe0-49d6-bf95-0913bed3c9ea
+1-555-3883,376ea69e-5642-438e-980d-e6e5a22429b0
+1-555-1625,5196a19f-7c9c-44f1-ab3b-9b8276738502
+1-555-4461,34259f8a-f0ac-482e-9c82-d723591d04d7
+1-555-9373,d7f02994-7995-4942-929b-f0b149099818
+1-555-9050,5bf86555-26bc-40c1-96ff-482636495bbb