start_Transaction_transactionID,end_Account_accountID
699eb1eb-09b9-4525-be71-becdb7c7b0f6,424374fd-e51f-4f5e-a84c-cdf6a727ff83
e570328f-daf4-4e08-8949-4947572f7dd7,702e4f66-8215-4f7a-8ad7-ec45181f5716
e536b984-4146-49e8-88ae-6912244526e6,6bed1b45-f056-4ba1-8f6e-662344c28970
545439ae-5d02-40b5-bf2b-1ef74862ca24,3c3c4345-7a9b-4b20-9e03-502cbbd56d73
fc320dc5-e7cb-4e81-b8b2-6797c661a35b,63fae0dc-2e64-4a85-80ce-43c02ecc5010
48605f0b-0b04-4875-b757-c3ef486eb5a4,d83524b9-1fc0-4189-87d6-c68b7b443bbf
f24d20af-62fb-49f5-b126-207fa32af96f,e07a03e9-585b-45f3-9ee4-2cbbb7f3e293
288efe1d-5fc1-44c1-84b0-2b57cbc66768,5e85d7ac-4d8a-4756-a4fd-0eadcb8747f1
859831c3-def3-41b5-aabf-ce378bb9d82e,28e77bb6-9bfb-4f9d-86fc-0ce604059ddf
a84b95a6-2176-4ed1-964b-6a840c972e75,6e690232-33af-4b57-bb04-236b8ae3a6e0
c242e363-9e4a-443d-abd6-a3269ab9d7cf,a38d1f62-c7a6-4665-b2fc-52ad88e7796d
12603bcc-382b-4780-8936-4832dba0240f,371ae574-8243-41cb-9465-1fffe7106b18
cf7797a3-9e98-4424-aa99-b0e24b803d9d,83e76ede-c963-480f-b911-b38b22a228f6
67b1c46f-6852-43b8-85ff-b8f8631764d1,0b9ff403-9220-4dbc-8ad0-50a43f91f7bf
96a77f64-4c76-424f-9056-21ae03d2c417,7750aeb9-7084-4b93-9dc5-63b3fd3775d7
4bc061cb-7ab7-4710-b156-c675f08582b9,acee5fff-2014-4ee1-aeb4-fd317db258e4
3f8e272e-bccd-44bd-8fa9-8404d35d96ff,295791dc-1fe5-43ff-8971-a6a408fc2a84
a8fbfdf0-382c-445f-9fe9-a8641300aba3,f315b54f-cd92-46f7-a4b3-741731b82e11
354ff090-04e7-41e5-a128-4bd72ec5b620,96eb3e21-c603-4ae2-9684-fcb7cc4ee3dd
41df4d83-7614-4dc7-8400-8d2f35c09aef,00ac6317-93a0-4ea0-bd4c-2dba83bdf7ff
a2d4c512-e7bc-4557-b4ba-e9cea34c513a,7106b8d0-8ad7-4406-ae0e-0a18ecfa443d
ac8921b3-99f1-4d31-8c3e-952d8891477e,82d4874c-c758-4f51-ac73-136cf1eaa88e
1647be99-226b-4bda-8c64-7b0f8ad4085c,3c3c4345-7a9b-4b20-9e03-502cbbd56d73
f08c2f1a-dac4-4e4d-af9c-248ea25990cf,b45207e9-6868-463d-8818-a4e4c7a78fd0
2f2e58f5-5213-4905-be55-5a66164b4d0f,e6f51acf-2bbe-4452-951f-67cbe250a950
22fd90aa-25f3-4ef5-92ff-335842895461,6938310d-b6ae-465a-a730-c9853efc3de6
de863a7d-a5d5-4f51-8efc-5a93a530e742,54d58b80-9cc0-465a-8fc7-7bc6d5881d6f
69b35a08-aa9c-48bf-bf4c-fc7e2016c3c7,51912d86-8692-4820-b507-c8a758588ecf
e1337f68-5d08-4ca8-bd1c-898792484832,5e93e1b9-daee-4a25-8982-e47f548c91dc
4eb7d18a-984e-4cd9-9c2d-a3a1c84e17c2,afa54d3c-928b-4dfc-8f73-038a0805a858
188b9408-e4eb-4c14-a3b0-4473f46afaaf,00ac6317-93a0-4ea0-bd4c-2dba83bdf7ff
d8df84e4-b6e8-4614-9c3b-afedf7371974,3ecb011c-af2f-46f5-a17a-c29f4c237844
79760137-d3ea-499e-a8f8-1ea65469f384,2cf1d6f4-9722-4aae-9bf5-5fda5396983c
cf57edee-25a7-4122-95ce-e21c71a092d5,1a6cf6e8-135f-493b-bde5-86a8ae752794
89d925a5-0e3b-473d-a425-d2c6c3725ff6,2c5a7ec6-65ee-4945-8379-382a7bbff460
c3313dbe-3b88-4839-a558-239a360c14cb,6e690232-33af-4b57-bb04-236b8ae3a6e0
c6090a0e-0b6a-44a6-b4f0-23fa96b6be85,3b5e179b-85c6-419d-a3fd-f1912873b709
9377c95d-1424-4187-a45b-46d8f82d16e2,89af4a82-2c5f-4f1e-bee4-31653b5806af
7679d602-ca84-494d-a54b-e0b304e35805,3d4646c0-ac33-43ff-affa-efa3651a3d34
0f78f7f1-e20a-48a2-b84d-01cd86e4c578,0b9ff403-9220-4dbc-8ad0-50a43f91f7bf
872d7960-b860-4f9f-8067-6d22792fce4e,9c77bc2c-3a06-463f-a7b2-c5511c96e2d9
73cc4370-d26f-4982-a39c-91cdd4406a06,8cabfbc1-cab9-4cfa-ac5e-2e8e1fc0cc3f
79ac740a-a4ad-47f0-8c04-7657e3e5b435,b290aa67-b9dd-42eb-bf6c-aa70f3f1d306
ea10de32-afe7-4b85-866e-357c85f2f60b,82d4874c-c758-4f51-ac73-136cf1eaa88e
7561382f-010f-4f7e-bc6c-e96ab1beb54b,5e85d7ac-4d8a-4756-a4fd-0eadcb8747f1
0b5c58d2-e8ee-44be-b742-4e3e6f022802,e5ddf0db-21f1-40c8-8961-1981925186ac
15a5bfa4-1359-4fbf-9bc2-0a26d5692e8a,5e93e1b9-daee-4a25-8982-e47f548c91dc
83ecc74e-8a6b-4168-bb36-8989a123c95f,6e690232-33af-4b57-bb04-236b8ae3a6e0
54a14141-6e01-40d2-88ad-aa87c30d1b29,d15ba277-b038-45f8-8c13-fc5db879e60e
791a642f-5051-4dc6-917e-57e0429422d1,e5ddf0db-21f1-40c8-8961-1981925186ac
c588db3b-808f-4f83-b2a4-45d710335a12,acee5fff-2014-4ee1-aeb4-fd317db258e4
3aeb49f3-1c0c-4f2c-b36e-96af63ad1eac,368f18ef-bce4-465e-9e39-9f162f970d6a
8d36924e-473d-4ef1-8b48-94e57129f73b,ed3bdd68-98da-4cee-8f03-a575eb308ad8
096d70be-eb0b-46c1-b64d-cb6abe03ce06,89d9b9e3-40da-46f0-b93e-edd08d745a7d
36c0773c-8c32-4453-8866-40750ce12af4,0b9ff403-9220-4dbc-8ad0-50a43f91f7bf
10720cd3-e64c-4c53-aa6a-44db0f524661,bb93a754-491b-4cad-910c-9a13f22f5026
60c30461-3b52-4d2a-a089-4025818bd32a,a3e98d54-73b2-4f21-9004-4c6d3af0ffd2
7f9d076e-588d-4e96-a78f-af5369c17ab3,bb93a754-491b-4cad-910c-9a13f22f5026
753be99e-62c6-46bb-a584-1a866491f2bb,9501e9ab-cea3-4330-8bcb-3f208a6292e9
341cc725-ce7f-41f5-b2d1-824986c41a59,25385099-134c-47fd-9d11-0b391de80f17
b9935f53-fac5-4518-ab1f-ff9b1ffa54d0,547a2721-67c8-4479-8291-d27e5ba24bf8
85252b73-555d-4e8b-9ed0-a8d9f3344226,711de9e9-81f6-49aa-b5f1-38b14d9d9851
e069cde5-1f17-4f1b-8312-1449262b0a4d,3ad9953b-14e7-49c7-9a78-f3d8fb77c6d2
e7da36df-ef1e-4a27-b96d-0f37a9bb29e0,a2c0bf17-ccad-447b-91da-02abed8bfba6
5c53e714-1e04-47a5-966f-c850b8f4bdf8,f5842835-67c6-4e16-9b9b-54a2f00049bc
494f13d6-50c6-4efe-8a24-2dbb88f3ef99,3ad9953b-14e7-49c7-9a78-f3d8fb77c6d2
9e17c3e9-4dfb-49d5-b01b-4e4c9e0f8446,1ec199a4-615d-44ab-bc03-2b013408d018
6e86c8de-07ce-4685-a368-5819dcbb3f2e,76e91484-4f5f-42bf-ba2c-cdf88bd2c78d
3530a761-af06-4134-9f2e-7e262dad2881,3c3c4345-7a9b-4b20-9e03-502cbbd56d73
2cac48da-40ba-4fac-b198-8a19ad2129a4,368f18ef-bce4-465e-9e39-9f162f970d6a
49475e2e-26fe-4b2a-9b28-447cee926c3a,2278b3d9-67c6-4984-9321-4f3b2dc26ecf
c9324181-d2e9-491d-8281-2167316920c6,cff7c86c-a67b-479c-9288-cadf42349e16
afbca88e-48b8-4c4d-a243-af71d92b4358,c4a6a533-ee3e-4f6a-8f8c-adc12533f422
0ba698e5-340f-4a01-b125-8bba58b1ff4e,3daa0801-1022-4668-b01e-24e900643346
ad376f1e-f9ea-4caa-a61b-5a0988480558,f6516c61-e749-4d08-870f-f590973ff55a
7f382dcd-d3e2-4280-8b88-5e5e523399b6,3d4646c0-ac33-43ff-affa-efa3651a3d34
5d1a0562-68df-435c-8888-d3f7b31450f4,9c77bc2c-3a06-463f-a7b2-c5511c96e2d9
f02f23b4-aa16-4acf-a40d-82994d605835,d83524b9-1fc0-4189-87d6-c68b7b443bbf
2eaf9522-3445-4b13-9df8-d1ffb2bd80f8,ea24bdb7-2e9c-459b-adc0-87b2346aefc0
fafac190-32a5-481e-ab93-b4d67ef62fef,1ec199a4-615d-44ab-bc03-2b013408d018
b811a9ee-b9d9-497e-ba76-cc18c4e12358,dce41f4a-7e3f-4060-bee2-82f04ebc2955
b794e5d5-52b3-47ca-89d2-2c4f2884b300,7750aeb9-7084-4b93-9dc5-63b3fd3775d7
10b3a182-f301-4884-967e-af423885903d,0c2795a1-1f62-4522-8d31-df78a5e1bcfa
00a8cc77-ce38-4e8d-8e4b-5c2fc95dc246,1239736c-3be9-4adc-833e-f4d1c690e4c5
ce72fe74-5a33-4da2-9cfa-d4ea00caaab4,547a2721-67c8-4479-8291-d27e5ba24bf8
bbb8ea99-f98f-4540-97fa-5563266e537b,88d70aaf-076b-4bec-a5aa-52b7f99c3719
e7165ca0-4da7-47c0-a14a-2a2e7b0e2d04,00ac6317-93a0-4ea0-bd4c-2dba83bdf7ff
b4ddcc01-027d-450f-a7ee-27b08d47c2c2,339f4531-b6b2-4d78-89e8-ac7fd46f4722
9ac32263-30c6-4aa1-aabe-0736950e4406,bd850e15-41fe-4b35-911b-88d1cf63914d
21ee3ee5-9396-43c5-9c77-12e744b2ae86,63fae0dc-2e64-4a85-80ce-43c02ecc5010
954cf7d2-1ea3-4e28-9ef6-312b9ca2ac13,3c3c4345-7a9b-4b20-9e03-502cbbd56d73
9ce59b8a-5b0b-4cfc-9b1d-015b65320ddf,7750aeb9-7084-4b93-9dc5-63b3fd3775d7
873cbadd-3730-4251-ab27-bf5365a53680,89a9f86d-7744-4a1d-897b-b2cfb462de47
c72df8c9-8efb-4f6e-b0b2-304c01f37c88,f400cbcb-4b41-45f8-ba53-ec33ada64c6e
53f251a1-d7bf-4b42-8464-137b9c1b80cd,1239736c-3be9-4adc-833e-f4d1c690e4c5
842bc195-0b01-4104-8942-b60bb138e6a1,89af4a82-2c5f-4f1e-bee4-31653b5806af
d0b959ad-0b52-4033-956b-62a0657694e4,339f4531-b6b2-4d78-89e8-ac7fd46f4722
dfb84947-de49-4568-8a15-63bcde178ba0,e9b7f235-09ba-438e-8b9a-19b7d518f954
7722a5ed-40e4-409d-8dd5-2aaaca629a43,368f18ef-bce4-465e-9e39-9f162f970d6a
979411ec-5cce-416b-aa4b-8be59ef28c0b,3d4646c0-ac33-43ff-affa-efa3651a3d34
3f385777-6fce-4a18-a4f3-88b2ee576941,3ecb011c-af2f-46f5-a17a-c29f4c237844
37bc162e-67a4-42ce-9739-66089dc04d55,2278b3d9-67c6-4984-9321-4f3b2dc26ecf
a978cdaa-64c3-4b4c-ac06-f64de6c4b31c,baee2efe-d101-4a92-af6f-6f21ed20477f
7558503f-7599-4256-8ac6-10afd7700080,0c33e32c-0fde-408c-a012-f5fdfa9afdd0
2fb485ad-adfa-4db6-8d29-a99907aac7d0,a2c0bf17-ccad-447b-91da-02abed8bfba6
357f612b-54fc-4add-93d3-5f578647804c,63fae0dc-2e64-4a85-80ce-43c02ecc5010
b6c40ef2-695b-45c8-bf32-4443f76c90fb,9c77bc2c-3a06-463f-a7b2-c5511c96e2d9
53a4fb78-168e-468e-8c17-cb63f7c8fe18,3b5e179b-85c6-419d-a3fd-f1912873b709
a9da99e4-bd0e-49cb-9952-4d5513035c9a,1a6cf6e8-135f-493b-bde5-86a8ae752794
acde5bb8-9003-473e-b2db-8ad131d814d2,3bc372c2-fbda-409c-8ba0-9d5f8ddc37d9
db2a81e1-a91a-415a-91c4-384831436d3e,baee2efe-d101-4a92-af6f-6f21ed20477f
1d24d985-c003-4bcf-abae-d829dcda5678,96eb3e21-c603-4ae2-9684-fcb7cc4ee3dd
f1d55521-72bb-4cb1-b08f-e09a9574bca1,0b9ff403-9220-4dbc-8ad0-50a43f91f7bf
93299bf1-42a8-4ff9-a391-52e4afff8eb3,e886b9e1-6fd3-4fc8-85ab-f02224acf01a
3d0bd725-c10f-41a1-b3d3-308931f2596b,3ecb011c-af2f-46f5-a17a-c29f4c237844
da690833-8e84-4730-806b-f8763e759d3e,ed3bdd68-98da-4cee-8f03-a575eb308ad8
c85cb381-f72c-405b-8be3-0543f2d57c7d,acee5fff-2014-4ee1-aeb4-fd317db258e4
67bf4696-6db7-4730-9748-75fe654ee26a,bd850e15-41fe-4b35-911b-88d1cf63914d
fbb314f7-e491-4aad-ab32-c0474885686d,d5e8fef5-6249-4f9f-a058-5f5e99a57dda
b8ddcb6f-19f9-4fca-ad11-8ef8400bdabc,29f1b670-e3dc-4ca9-bdd5-8a67887d9760
6dd72097-9cb3-4ba7-8445-75adabab60e3,339f4531-b6b2-4d78-89e8-ac7fd46f4722
916db793-8043-482e-a87d-20b4c276c130,333a1178-f430-49d5-819b-7230dd912137
0720dde8-c233-4f11-a157-0c81dea13935,ddc2074c-5fcc-4927-af96-2f6394667922
311b3a35-94a3-4959-ab41-0f5952af9211,88d70aaf-076b-4bec-a5aa-52b7f99c3719
5e7c6c8e-4b2d-4dfc-bff3-4869f7b5f029,c946f6e6-7b48-44f9-85fa-7ecafb3ab5a5
11c1fe79-4482-437e-a144-f3ebe3c47b21,8786917e-f3e0-479c-8942-8f7508402f98
3d938f09-6434-4102-ba09-bc7889440ce8,ad38a6f8-ce61-468f-b037-b4309660dc22
7640fb1a-6523-48d6-999f-e31369517100,702e4f66-8215-4f7a-8ad7-ec45181f5716
60cb8ce7-4826-4a49-93c7-09e25c3f96fc,f35dfe64-0eeb-40b1-bfd6-92bead2f1a07
8ebff3d0-1493-45ec-b791-eb4e8127229d,76e91484-4f5f-42bf-ba2c-cdf88bd2c78d
f7cbdb58-b1d3-41b1-8f7b-9a3385c8f544,1239736c-3be9-4adc-833e-f4d1c690e4c5
02acf5a3-c281-4cfe-8be7-0ec646d8e275,c946f6e6-7b48-44f9-85fa-7ecafb3ab5a5
9553f679-8902-4095-ab10-978a7ed397cb,c46a1572-381d-4e6e-9323-8b09a000e411
74267a9d-a51e-47a4-af92-3434543343bc,1ec199a4-615d-44ab-bc03-2b013408d018
410ea435-b24f-4f24-8634-bc9710a02b94,11f9f01d-77ea-4df3-8351-59df6688cd88
9f854bb8-8b5d-41ca-bf60-7111fbf35eef,a2c0bf17-ccad-447b-91da-02abed8bfba6
dbc22df2-fbd1-4ddb-b168-6e538a9db1fd,3c3c4345-7a9b-4b20-9e03-502cbbd56d73
6261b902-8e21-477e-884e-4d3300f22968,e886b9e1-6fd3-4fc8-85ab-f02224acf01a
5c23e24e-52fc-4f79-98b5-c936a772adf9,7750aeb9-7084-4b93-9dc5-63b3fd3775d7
07d27dc7-72f3-40ec-bbd1-680ca4f8a560,35fc13c8-ca3a-47dc-a819-94c7d2967d8e
abd257d6-4395-427e-ba38-85e519ca0720,ea24bdb7-2e9c-459b-adc0-87b2346aefc0
19b05539-1703-4d3b-9af1-792afb25bb95,2be91045-4081-4a17-9b7e-1d1d0de7d5c6
018759dc-02f1-4388-9aa6-a0f335c91348,89d9b9e3-40da-46f0-b93e-edd08d745a7d
3f6b9810-8144-43e2-908e-7fe4dd80026d,96eb3e21-c603-4ae2-9684-fcb7cc4ee3dd
c1fe151e-5380-44d8-82bc-226627bbe69b,48f4da1d-f5cf-4352-bbee-397cd44c9066
47207433-c7c4-49c4-8f64-cbcdbbc89432,84ef3700-2391-4f1c-8503-d03b0c5bf360
0f2e00c9-b957-4781-9358-d49cfb57b0d9,339f4531-b6b2-4d78-89e8-ac7fd46f4722
0c4adbbb-d69f-4a3d-9e5a-5e98dc8af63c,c2f26a34-656a-4520-8644-ffc1ad9e9c9c
a226ead1-e8e5-47f3-b375-ec14014cf8e7,a2c0bf17-ccad-447b-91da-02abed8bfba6
f2bbd555-a247-404d-bf5e-b8d602a03e05,82a9c2c3-57a9-4e7c-bd4a-653b2a4d6698
251702d4-1f2b-4c8d-94c9-5324ac9ab2c6,ad38a6f8-ce61-468f-b037-b4309660dc22
078cd173-e76d-4a62-a559-7e09c0901f50,a4b90fa8-ae8b-4810-9c58-fd83931eaa68
c22af8fe-0ebc-4cb0-aa47-27ba71aba514,7750aeb9-7084-4b93-9dc5-63b3fd3775d7
de2ad3b8-5eee-4643-81b0-d5cecbe550cc,6938310d-b6ae-465a-a730-c9853efc3de6
aead7bb5-a343-474b-a52a-908da2bdb3eb,2fd88ed5-0b68-425b-9423-353559243d73
6a762841-bfd4-401f-ad70-4ca91a1058b5,25385099-134c-47fd-9d11-0b391de80f17
9015eeab-9878-4be4-8aeb-5f5c657f6290,c4a6a533-ee3e-4f6a-8f8c-adc12533f422
c17c6916-3a84-4e8a-a98c-f7ab92bb23f0,1edb720a-f25e-493e-a4ae-98c637658f69
f53ef8d8-4d39-4730-b7b2-69d6f4c97c8b,2c5a7ec6-65ee-4945-8379-382a7bbff460
d137ed9d-35dc-4ef8-8d94-600239ecdbbb,371ae574-8243-41cb-9465-1fffe7106b18
b9ce3975-990c-4f04-863b-185b0a66acf1,96eb3e21-c603-4ae2-9684-fcb7cc4ee3dd
a1734237-5701-4263-85b3-d13d4b067eb0,8cabfbc1-cab9-4cfa-ac5e-2e8e1fc0cc3f
3ca08305-e5be-4c5b-83e0-58108d3a8480,2c5a7ec6-65ee-4945-8379-382a7bbff460
24ae69a0-3aaf-4833-9fd4-ab4fa2a4ec1f,a1df6a89-e155-4105-921f-d9322d20f575
ca48e6d8-addb-4881-978e-43c415793711,6938310d-b6ae-465a-a730-c9853efc3de6
28c1f90e-10be-4ffb-b0d9-675088d5d96f,8cabfbc1-cab9-4cfa-ac5e-2e8e1fc0cc3f
c0c4ca30-c537-4fda-ab7b-ea8ac59bc7b9,c4a6a533-ee3e-4f6a-8f8c-adc12533f422
060c1aaa-decd-4c91-899a-88ab45352907,3ecb011c-af2f-46f5-a17a-c29f4c237844
24a97b27-0160-4f1c-ba84-1b4c30a8a41e,2cf1d6f4-9722-4aae-9bf5-5fda5396983c
72ac5cdc-0f59-41b5-8491-5898ec50f337,bb93a754-491b-4cad-910c-9a13f22f5026
35c7ebed-e3eb-440a-a18f-9fcf91ef9794,e07a03e9-585b-45f3-9ee4-2cbbb7f3e293
eab2c8e2-74ba-4484-81f5-eb5a997dda15,afa54d3c-928b-4dfc-8f73-038a0805a858
7eb68bad-3db0-4880-b086-81c303cec687,51bba17c-9a40-453b-ada5-1ee6aa68b2e5
afdbdfde-9e51-419a-9b25-6c121947cca9,e4dcb8be-a88a-4815-ac0f-b31a7e965eb8
cf7430ce-6891-4f5b-bbcc-e08fe9bde01f,2cf1d6f4-9722-4aae-9bf5-5fda5396983c
41105ed4-3585-423f-98f4-ccd04a53a83b,bf6a1a26-4c36-45eb-8c8c-b971fd706baa
f45e73b8-194f-475f-a850-c3fb068ee646,5e85d7ac-4d8a-4756-a4fd-0eadcb8747f1
169384e9-b034-4f43-a8a6-7a40d928e097,868480f9-2484-42cd-9ac3-b18ecf8c5c6e
9d739e8e-7693-4903-9b83-1b7866d6c02f,f5842835-67c6-4e16-9b9b-54a2f00049bc
e77a3e5d-b5fe-41b0-895f-03bcc86fb0ef,baee2efe-d101-4a92-af6f-6f21ed20477f
ae6d9443-1573-4f30-b849-e55ad3258a0d,edc8229c-a709-4d94-b948-60e2167caf2e
2650b77f-b111-41c3-9dd4-6616dd2c715e,b45207e9-6868-463d-8818-a4e4c7a78fd0
87398221-3921-4bfe-9ab3-78f2dd085e69,b45207e9-6868-463d-8818-a4e4c7a78fd0
b7eb17f6-0efd-42a7-86c3-9cfbcf8d9d21,bd850e15-41fe-4b35-911b-88d1cf63914d
33889ef6-b574-4a17-969f-831b6ee94a98,7106b8d0-8ad7-4406-ae0e-0a18ecfa443d
02b13bc7-4528-4ea0-8bdc-999a918a20b8,a2c0bf17-ccad-447b-91da-02abed8bfba6
909f4ada-1087-4593-aea2-70faf15e771c,63fae0dc-2e64-4a85-80ce-43c02ecc5010
ffbd4410-f60d-461d-8ada-53b548b43143,89af4a82-2c5f-4f1e-bee4-31653b5806af
c7f570f4-027e-49b4-9412-5ff75bab9767,3ad9953b-14e7-49c7-9a78-f3d8fb77c6d2
a754e97c-36f3-42d6-805e-730016c9ea2f,45e85f72-752c-4e37-9440-3ca357575773
226dedd9-7561-4ea3-8093-0a643182287f,76e91484-4f5f-42bf-ba2c-cdf88bd2c78d
d452cf1c-a5cf-4677-85af-9d5e7a50dc27,e5b38208-c21a-4fe3-9800-41339ff7c345
04c258e8-6a69-4f68-aaa9-4e55a71e6b5d,424374fd-e51f-4f5e-a84c-cdf6a727ff83
67c95346-8ec0-4974-b93b-2299017787bc,702e4f66-8215-4f7a-8ad7-ec45181f5716
034f5705-5196-4d07-9941-256c60d08b77,54d58b80-9cc0-465a-8fc7-7bc6d5881d6f
d1dcac52-ffb9-43ba-8970-20bbafbb7296,c46a1572-381d-4e6e-9323-8b09a000e411
febf5e75-370b-4755-8d93-0ee051f8abd2,295791dc-1fe5-43ff-8971-a6a408fc2a84
890446f1-9d80-4f16-804a-3e9c5913253d,ea24bdb7-2e9c-459b-adc0-87b2346aefc0
7a82c898-f77a-4264-b69a-a72a0bba79f4,54d58b80-9cc0-465a-8fc7-7bc6d5881d6f
3134d84a-5d98-4e12-b8dd-7c81c0895ee2,702e4f66-8215-4f7a-8ad7-ec45181f5716
7cce052c-ed1f-4909-9968-6699fe519780,baee2efe-d101-4a92-af6f-6f21ed20477f
5d8099b9-16d3-4026-9048-d3ac5fcec173,7a3c0136-929e-4578-a620-99543487f778
a39a3d11-cd3a-47d2-95c5-1cd01edcbcb1,29f1b670-e3dc-4ca9-bdd5-8a67887d9760
a748a2d2-c337-41df-bb1e-38046d386cf8,acee5fff-2014-4ee1-aeb4-fd317db258e4
839f316b-358c-47ba-9a1c-afcc0d43be84,339f4531-b6b2-4d78-89e8-ac7fd46f4722
37c9d3e1-94a7-4c3a-8b7c-14e6457ba706,6cdf926e-a8d0-4d38-ae32-e51f941087e2
27ad97db-d597-4f84-8a31-842ff656b05d,e6f51acf-2bbe-4452-951f-67cbe250a950
aaa14a56-37ca-499e-8c1b-60d2a459b339,9501e9ab-cea3-4330-8bcb-3f208a6292e9
84e61d1e-27c6-47a0-acdb-e62b4a484820,1edb720a-f25e-493e-a4ae-98c637658f69
424ccf31-9789-49e7-9721-104ff6e284e3,89a9f86d-7744-4a1d-897b-b2cfb462de47
dd1dd2d8-e642-4614-9ece-be92c839b6df,ad38a6f8-ce61-468f-b037-b4309660dc22
6e7bf0c3-2254-4bf9-8788-e9bcec1a761b,9c77bc2c-3a06-463f-a7b2-c5511c96e2d9
e3c9daf9-5c48-4635-a7de-0d22cdad3f59,371ae574-8243-41cb-9465-1fffe7106b18
21f20314-fb4c-4732-b586-eef0a988eeae,16f65e26-d32e-4526-9b24-b25fdb2927ca
0b76afe1-1944-4ec4-a850-7d3512d84c07,baee2efe-d101-4a92-af6f-6f21ed20477f
e5773311-1c4b-4200-a910-757bd46529b3,7106b8d0-8ad7-4406-ae0e-0a18ecfa443d
c3631a3f-9161-4e03-80f8-9a4f10eaed22,faba6658-5c76-491e-bf2c-d097dc5cf26c
51a834a3-5eb9-473f-9711-7752eec8e940,371ae574-8243-41cb-9465-1fffe7106b18
5837d502-49a2-4a70-9c8e-8b699288b167,3daa0801-1022-4668-b01e-24e900643346
650edf38-ff7e-403c-9fed-9b7a4cc176cb,8786917e-f3e0-479c-8942-8f7508402f98
442dca3d-a497-44ac-b5d7-4a63cf25b8a5,2be91045-4081-4a17-9b7e-1d1d0de7d5c6
ffabb060-c36f-4dbc-8b89-60f0680dca28,3daa0801-1022-4668-b01e-24e900643346
c7fed9e8-1b1b-4386-a9e6-83d749d6f4bf,295791dc-1fe5-43ff-8971-a6a408fc2a84
56942bc3-5b4a-4b11-9adc-01b1c46a92a1,f6516c61-e749-4d08-870f-f590973ff55a
bd14f5d3-2659-4719-9da3-6d2061b345ea,16f65e26-d32e-4526-9b24-b25fdb2927ca
a27fcf5b-f1d3-4d1c-813e-c2bccb749465,e07a03e9-585b-45f3-9ee4-2cbbb7f3e293
769f12f9-2e74-4693-9d88-9036bb0d7b6f,b45207e9-6868-463d-8818-a4e4c7a78fd0
a3cf3dad-5992-46e2-800b-d7523e3577df,edc8229c-a709-4d94-b948-60e2167caf2e
2bef0561-0163-428d-ab4c-97980a087e0c,e6f51acf-2bbe-4452-951f-67cbe250a950
c322918d-2eec-44f4-8d7b-bb20240abade,5e85d7ac-4d8a-4756-a4fd-0eadcb8747f1
4f27a50d-69ed-43d4-95af-0ad22f08d619,00ac6317-93a0-4ea0-bd4c-2dba83bdf7ff
3b9ea57a-18ea-496f-a0ca-5e9ee584faa6,83e76ede-c963-480f-b911-b38b22a228f6
2fa4f84c-7521-40f7-8afc-e3da248ef009,5e24431b-0aae-467b-b6e7-3d19c4f6c264
06d41ea2-eb60-4678-98a2-89910b251b8c,89af4a82-2c5f-4f1e-bee4-31653b5806af
fc8b2e6e-28cf-4498-80cc-af2828e96167,45e85f72-752c-4e37-9440-3ca357575773
1094fad8-ab96-46f7-89a3-2b500365a991,4901f973-73c9-47af-8bf5-c107313a29b5
4cd65672-1567-4307-b59c-93314b43c4bb,bd850e15-41fe-4b35-911b-88d1cf63914d
2e9441bd-51fa-4da2-a27c-7ad00555c560,51bba17c-9a40-453b-ada5-1ee6aa68b2e5
f87d3615-cfa0-4186-8279-eea1cabb8eb1,2c5a7ec6-65ee-4945-8379-382a7bbff460
7a90e3e2-1189-44cb-8fd3-4b08c4768c96,dce41f4a-7e3f-4060-bee2-82f04ebc2955
02fdfc53-1e8a-4ba3-88e7-56b379be8ff3,ad38a6f8-ce61-468f-b037-b4309660dc22
54fa5282-4ba8-43f6-92b6-8fa8b1f22a61,88d70aaf-076b-4bec-a5aa-52b7f99c3719
1a7be878-af72-47d9-ab37-5f232b61fe4d,1239736c-3be9-4adc-833e-f4d1c690e4c5
8db752d2-3420-467c-89a6-0b39d6a33a3e,868480f9-2484-42cd-9ac3-b18ecf8c5c6e
431c56b5-7f31-45ec-95e4-a77e4e80c4df,5e85d7ac-4d8a-4756-a4fd-0eadcb8747f1
da743f31-01c6-4961-9799-6690399d7f0b,3bc372c2-fbda-409c-8ba0-9d5f8ddc37d9
e6741b05-a466-4ba4-9c4a-47417976ccfc,25385099-134c-47fd-9d11-0b391de80f17
b3200071-2db3-42ba-b9d8-61ada842391e,a4b90fa8-ae8b-4810-9c58-fd83931eaa68
0637f8e7-38c5-4779-ae1a-5a915b32e5aa,2278b3d9-67c6-4984-9321-4f3b2dc26ecf
9f53de7b-d472-406b-8040-b6b990af0a63,88d70aaf-076b-4bec-a5aa-52b7f99c3719
db44475b-985a-4e5b-9b9f-7bc47e746022,c946f6e6-7b48-44f9-85fa-7ecafb3ab5a5
43102440-834b-4e0d-a7a6-f636ade67e1a,2be91045-4081-4a17-9b7e-1d1d0de7d5c6
b7469c06-9581-4bdb-b5b2-3ad110ad31f7,4901f973-73c9-47af-8bf5-c107313a29b5
e640303e-083f-43ef-ac3d-4f1069914f33,96eb3e21-c603-4ae2-9684-fcb7cc4ee3dd
ef2f8ac0-3a01-4bce-93bd-c6524395a073,ad38a6f8-ce61-468f-b037-b4309660dc22
fe29bd7f-1b14-4da1-9804-8da7fbbdead9,cff7c86c-a67b-479c-9288-cadf42349e16
54330fce-f5af-40e3-9417-322fbef73c62,63fae0dc-2e64-4a85-80ce-43c02ecc5010
b5ec6db9-38a0-4e2f-86d0-3386ea2d2975,547a2721-67c8-4479-8291-d27e5ba24bf8
d34616f8-77be-429d-a892-1b1ee8881036,5f9c6ad0-2054-49c3-89c8-76f6150966ab
4264ec9f-1070-4eab-8120-0d82f7a43a75,d5e8fef5-6249-4f9f-a058-5f5e99a57dda
bc79312b-8f87-46c7-8aa6-765b1cf2bc90,ea24bdb7-2e9c-459b-adc0-87b2346aefc0
56b96164-ac10-43d7-b963-5632f423a114,f6516c61-e749-4d08-870f-f590973ff55a
28cea53a-1c12-4db9-802c-86da752369c7,c946f6e6-7b48-44f9-85fa-7ecafb3ab5a5
b40f2189-82df-45ee-a011-9fc71440bffe,29f1b670-e3dc-4ca9-bdd5-8a67887d9760
b49c3f0e-04be-42b8-90b9-b308c9722965,2be91045-4081-4a17-9b7e-1d1d0de7d5c6
186bd36f-18b0-400c-83a4-0d923562e3f4,5e93e1b9-daee-4a25-8982-e47f548c91dc
31641c3f-bab5-4e2f-ab96-b0eb6e933d24,89a9f86d-7744-4a1d-897b-b2cfb462de47
b5f32023-2e81-4bd2-86f6-defdfa0ae841,333a1178-f430-49d5-819b-7230dd912137
f730e3b8-7155-42d8-9d51-450515413ce5,89af4a82-2c5f-4f1e-bee4-31653b5806af
bf479d7e-25aa-4203-a221-915dc99a3180,3ad9953b-14e7-49c7-9a78-f3d8fb77c6d2
1a575f65-ab4e-4970-b591-38ec1b1acd6d,a1df6a89-e155-4105-921f-d9322d20f575
10ff6b27-9078-49ac-bb7a-05c9e9b5d0d7,2cf1d6f4-9722-4aae-9bf5-5fda5396983c
044b9b8b-c39a-4829-b668-50c5b5fb03bd,28e77bb6-9bfb-4f9d-86fc-0ce604059ddf
722391d4-af58-49f2-b0f8-b31bb676d0c9,afa54d3c-928b-4dfc-8f73-038a0805a858
5d390b4f-dac8-4991-8bdd-9df5228694e5,f315b54f-cd92-46f7-a4b3-741731b82e11
53d350d6-bb1a-4b7e-a8fa-b7935582ce7c,f35dfe64-0eeb-40b1-bfd6-92bead2f1a07
16618de7-d8cf-4c5f-8b9b-4f6572b390fe,295791dc-1fe5-43ff-8971-a6a408fc2a84
72544716-f1bf-4fa6-81dd-84c0cdd6bdc2,3d4646c0-ac33-43ff-affa-efa3651a3d34
824e0c4e-7e7a-40e7-bddc-f27432c7d7bd,00ac6317-93a0-4ea0-bd4c-2dba83bdf7ff
6df9790f-bedb-45b9-87a2-1badf0ff1997,b45207e9-6868-463d-8818-a4e4c7a78fd0
c76dc40b-9123-4777-bb90-fe67ef8bcaa9,5e24431b-0aae-467b-b6e7-3d19c4f6c264
b16b832a-6bb7-49d8-a5d3-e99f2d80c02a,f5842835-67c6-4e16-9b9b-54a2f00049bc
6c7c3063-54af-4811-82e5-9ac7c09c1398,d83524b9-1fc0-4189-87d6-c68b7b443bbf
cb1815de-4260-4511-b8c5-3b8d8e2cd32d,3ad9953b-14e7-49c7-9a78-f3d8fb77c6d2
292d855e-14d1-47d2-a66d-ebcddced77e5,00ac6317-93a0-4ea0-bd4c-2dba83bdf7ff
73c7a139-19a4-4a56-b499-7439ee9166f3,f5842835-67c6-4e16-9b9b-54a2f00049bc
b2a3fbaf-4394-4dfc-b252-780336f52c33,f315b54f-cd92-46f7-a4b3-741731b82e11
1b950b36-0a95-4916-becc-c7976d353072,2c5a7ec6-65ee-4945-8379-382a7bbff460
1cb77d64-10cd-471c-ae43-c2e67d718c21,1239736c-3be9-4adc-833e-f4d1c690e4c5
ce6aba0d-6129-4bf0-9f71-f0dd67a40c3b,84ef3700-2391-4f1c-8503-d03b0c5bf360
acda24b2-4f53-426d-be2f-5e4aa84a5228,35fc13c8-ca3a-47dc-a819-94c7d2967d8e
9594b378-fcaf-45a7-ad67-663a2e365d12,8cabfbc1-cab9-4cfa-ac5e-2e8e1fc0cc3f
2e24389f-44c5-439b-98b6-3c5f8b6347ca,e5b38208-c21a-4fe3-9800-41339ff7c345
e2aa4fa5-696b-4355-bf92-bfe6371c23a8,5f9c6ad0-2054-49c3-89c8-76f6150966ab
80881e65-2432-4942-b834-e5a37b238d3c,96eb3e21-c603-4ae2-9684-fcb7cc4ee3dd
80d70452-dcb3-4a52-9633-f7adf4bf3b49,c2f26a34-656a-4520-8644-ffc1ad9e9c9c
9a51888e-af3b-4c1c-8b34-3359dd82194a,edc8229c-a709-4d94-b948-60e2167caf2e
5d93408e-5dcb-46f7-b1ed-4a9c15f093cb,2c5a7ec6-65ee-4945-8379-382a7bbff460
41235561-6811-41ba-9c8a-c1e651017f4e,3c3c4345-7a9b-4b20-9e03-502cbbd56d73
ba56f1f5-8b17-4ca7-8a73-eda5ce4967d8,76e91484-4f5f-42bf-ba2c-cdf88bd2c78d