start_Account_accountID,end_Account_accountID,totalAmount,minAmount,averageAmount,transactionCount,maxAmount
bf6a1a26-4c36-45eb-8c8c-b971fd706baa,a2c0bf17-ccad-447b-91da-02abed8bfba6,3089.81,3089.81,3089.81,1,3089.81
eee0cd8a-fabd-4f2c-bf63-ea689acfe915,16f65e26-d32e-4526-9b24-b25fdb2927ca,2177.41,2177.41,2177.41,1,2177.41
eee0cd8a-fabd-4f2c-bf63-ea689acfe915,eee0cd8a-fabd-4f2c-bf63-ea689acfe915,2828.19,2828.19,2828.19,1,2828.19
ddc2074c-5fcc-4927-af96-2f6394667922,333a1178-f430-49d5-819b-7230dd912137,1166.29,1166.29,1166.29,1,1166.29
f315b54f-cd92-46f7-a4b3-741731b82e11,3d4646c0-ac33-43ff-affa-efa3651a3d34,708.62,708.62,708.62,1,708.62
f315b54f-cd92-46f7-a4b3-741731b82e11,7750aeb9-7084-4b93-9dc5-63b3fd3775d7,3693.27,3693.27,3693.27,1,3693.27
3b5e179b-85c6-419d-a3fd-f1912873b709,424374fd-e51f-4f5e-a84c-cdf6a727ff83,3574.95,3574.95,3574.95,1,3574.95
3b5e179b-85c6-419d-a3fd-f1912873b709,ad38a6f8-ce61-468f-b037-b4309660dc22,1677.47,1677.47,1677.47,1,1677.47
868480f9-2484-42cd-9ac3-b18ecf8c5c6e,45e85f72-752c-4e37-9440-3ca357575773,2746.59,2746.59,2746.59,1,2746.59
868480f9-2484-42cd-9ac3-b18ecf8c5c6e,baee2efe-d101-4a92-af6f-6f21ed20477f,4745.31,4745.31,4745.31,1,4745.31
868480f9-2484-42cd-9ac3-b18ecf8c5c6e,3ecb011c-af2f-46f5-a17a-c29f4c237844,4416.64,4416.64,4416.64,1,4416.64
11f9f01d-77ea-4df3-8351-59df6688cd88,5e93e1b9-daee-4a25-8982-e47f548c91dc,4953.21,4953.21,4953.21,1,4953.21
11f9f01d-77ea-4df3-8351-59df6688cd88,d15ba277-b038-45f8-8c13-fc5db879e60e,3010.68,3010.68,3010.68,1,3010.68
a2c0bf17-ccad-447b-91da-02abed8bfba6,89a9f86d-7744-4a1d-897b-b2cfb462de47,1914.81,1914.81,1914.81,1,1914.81
a2c0bf17-ccad-447b-91da-02abed8bfba6,a1df6a89-e155-4105-921f-d9322d20f575,4176.02,4176.02,4176.02,1,4176.02
371ae574-8243-41cb-9465-1fffe7106b18,868480f9-2484-42cd-9ac3-b18ecf8c5c6e,1203.56,1203.56,1203.56,1,1203.56
371ae574-8243-41cb-9465-1fffe7106b18,8786917e-f3e0-479c-8942-8f7508402f98,2340.82,2340.82,2340.82,1,2340.82
371ae574-8243-41cb-9465-1fffe7106b18,3ecb011c-af2f-46f5-a17a-c29f4c237844,4987.12,4987.12,4987.12,1,4987.12
371ae574-8243-41cb-9465-1fffe7106b18,00ac6317-93a0-4ea0-bd4c-2dba83bdf7ff,3107.4,3107.4,3107.4,1,3107.4
371ae574-8243-41cb-9465-1fffe7106b18,339f4531-b6b2-4d78-89e8-ac7fd46f4722,2115.42,2115.42,2115.42,1,2115.42
c946f6e6-7b48-44f9-85fa-7ecafb3ab5a5,c4a6a533-ee3e-4f6a-8f8c-adc12533f422,1473.32,1473.32,1473.32,1,1473.32
0b9ff403-9220-4dbc-8ad0-50a43f91f7bf,82a9c2c3-57a9-4e7c-bd4a-653b2a4d6698,3413.4,3413.4,3413.4,1,3413.4
84ef3700-2391-4f1c-8503-d03b0c5bf360,6e690232-33af-4b57-bb04-236b8ae3a6e0,3684.3,3684.3,3684.3,1,3684.3
84ef3700-2391-4f1c-8503-d03b0c5bf360,54d58b80-9cc0-465a-8fc7-7bc6d5881d6f,705.28,705.28,705.28,1,705.28
84ef3700-2391-4f1c-8503-d03b0c5bf360,96eb3e21-c603-4ae2-9684-fcb7cc4ee3dd,3839.13,3839.13,3839.13,1,3839.13
84ef3700-2391-4f1c-8503-d03b0c5bf360,7750aeb9-7084-4b93-9dc5-63b3fd3775d7,1734.7,1734.7,1734.7,1,1734.7
84ef3700-2391-4f1c-8503-d03b0c5bf360,b45207e9-6868-463d-8818-a4e4c7a78fd0,1614.62,1614.62,1614.62,1,1614.62
16f65e26-d32e-4526-9b24-b25fdb2927ca,3b5e179b-85c6-419d-a3fd-f1912873b709,2533.44,2533.44,2533.44,1,2533.44
16f65e26-d32e-4526-9b24-b25fdb2927ca,5e85d7ac-4d8a-4756-a4fd-0eadcb8747f1,2812.4,2812.4,2812.4,1,2812.4
16f65e26-d32e-4526-9b24-b25fdb2927ca,d83524b9-1fc0-4189-87d6-c68b7b443bbf,1910.56,1910.56,1910.56,1,1910.56
16f65e26-d32e-4526-9b24-b25fdb2927ca,a4b90fa8-ae8b-4810-9c58-fd83931eaa68,1022.61,1022.61,1022.61,1,1022.61
16f65e26-d32e-4526-9b24-b25fdb2927ca,afa54d3c-928b-4dfc-8f73-038a0805a858,2869.86,2869.86,2869.86,1,2869.86
16f65e26-d32e-4526-9b24-b25fdb2927ca,b45207e9-6868-463d-8818-a4e4c7a78fd0,3589.9,3589.9,3589.9,1,3589.9
e9b7f235-09ba-438e-8b9a-19b7d518f954,8cabfbc1-cab9-4cfa-ac5e-2e8e1fc0cc3f,1510.56,1510.56,1510.56,1,1510.56
2cf1d6f4-9722-4aae-9bf5-5fda5396983c,3b5e179b-85c6-419d-a3fd-f1912873b709,4562.52,4562.52,4562.52,1,4562.52
2cf1d6f4-9722-4aae-9bf5-5fda5396983c,0b9ff403-9220-4dbc-8ad0-50a43f91f7bf,29.13,29.13,29.13,1,29.13
5e85d7ac-4d8a-4756-a4fd-0eadcb8747f1,29f1b670-e3dc-4ca9-bdd5-8a67887d9760,3483.36,3483.36,3483.36,1,3483.36
5e85d7ac-4d8a-4756-a4fd-0eadcb8747f1,89af4a82-2c5f-4f1e-bee4-31653b5806af,1273.47,1273.47,1273.47,1,1273.47
5e85d7ac-4d8a-4756-a4fd-0eadcb8747f1,cff7c86c-a67b-479c-9288-cadf42349e16,984.26,984.26,984.26,1,984.26
8786917e-f3e0-479c-8942-8f7508402f98,3d4646c0-ac33-43ff-affa-efa3651a3d34,1805.71,1805.71,1805.71,1,1805.71
8786917e-f3e0-479c-8942-8f7508402f98,ea24bdb7-2e9c-459b-adc0-87b2346aefc0,1615.81,1615.81,1615.81,1,1615.81
8786917e-f3e0-479c-8942-8f7508402f98,6cdf926e-a8d0-4d38-ae32-e51f941087e2,4279.65,4279.65,4279.65,1,4279.65
8786917e-f3e0-479c-8942-8f7508402f98,711de9e9-81f6-49aa-b5f1-38b14d9d9851,2024.55,2024.55,2024.55,1,2024.55
45e85f72-752c-4e37-9440-3ca357575773,89a9f86d-7744-4a1d-897b-b2cfb462de47,4969.37,4969.37,4969.37,1,4969.37
45e85f72-752c-4e37-9440-3ca357575773,acee5fff-2014-4ee1-aeb4-fd317db258e4,1450.99,1450.99,1450.99,1,1450.99
45e85f72-752c-4e37-9440-3ca357575773,dce41f4a-7e3f-4060-bee2-82f04ebc2955,2966.1800000000003,561.36,1483.0900000000001,2,2404.82
82a9c2c3-57a9-4e7c-bd4a-653b2a4d6698,8cabfbc1-cab9-4cfa-ac5e-2e8e1fc0cc3f,666.66,666.66,666.66,1,666.66
82a9c2c3-57a9-4e7c-bd4a-653b2a4d6698,a3e98d54-73b2-4f21-9004-4c6d3af0ffd2,3396.01,3396.01,3396.01,1,3396.01
5e93e1b9-daee-4a25-8982-e47f548c91dc,e5ddf0db-21f1-40c8-8961-1981925186ac,260.58,260.58,260.58,1,260.58
5e93e1b9-daee-4a25-8982-e47f548c91dc,82d4874c-c758-4f51-ac73-136cf1eaa88e,4755.31,4755.31,4755.31,1,4755.31
5e93e1b9-daee-4a25-8982-e47f548c91dc,00ac6317-93a0-4ea0-bd4c-2dba83bdf7ff,3687.32,3687.32,3687.32,1,3687.32
51bba17c-9a40-453b-ada5-1ee6aa68b2e5,368f18ef-bce4-465e-9e39-9f162f970d6a,316.05,316.05,316.05,1,316.05
39761cce-6ce3-4944-af33-33c0eb6edfeb,5e85d7ac-4d8a-4756-a4fd-0eadcb8747f1,1659.16,1659.16,1659.16,1,1659.16
39761cce-6ce3-4944-af33-33c0eb6edfeb,ea24bdb7-2e9c-459b-adc0-87b2346aefc0,11.32,11.32,11.32,1,11.32
39761cce-6ce3-4944-af33-33c0eb6edfeb,00ac6317-93a0-4ea0-bd4c-2dba83bdf7ff,1029.02,1029.02,1029.02,1,1029.02
39761cce-6ce3-4944-af33-33c0eb6edfeb,339f4531-b6b2-4d78-89e8-ac7fd46f4722,3831.42,3831.42,3831.42,1,3831.42
8cabfbc1-cab9-4cfa-ac5e-2e8e1fc0cc3f,e5ddf0db-21f1-40c8-8961-1981925186ac,2026.92,2026.92,2026.92,1,2026.92
1239736c-3be9-4adc-833e-f4d1c690e4c5,f315b54f-cd92-46f7-a4b3-741731b82e11,2328,2328,2328,1,2328
1239736c-3be9-4adc-833e-f4d1c690e4c5,6e690232-33af-4b57-bb04-236b8ae3a6e0,901.06,901.06,901.06,1,901.06
1239736c-3be9-4adc-833e-f4d1c690e4c5,1a6cf6e8-135f-493b-bde5-86a8ae752794,108.01,108.01,108.01,1,108.01
1239736c-3be9-4adc-833e-f4d1c690e4c5,3bc372c2-fbda-409c-8ba0-9d5f8ddc37d9,1611.4,1611.4,1611.4,1,1611.4
1239736c-3be9-4adc-833e-f4d1c690e4c5,2c5a7ec6-65ee-4945-8379-382a7bbff460,1375.32,1375.32,1375.32,1,1375.32
1239736c-3be9-4adc-833e-f4d1c690e4c5,0c2795a1-1f62-4522-8d31-df78a5e1bcfa,2241.69,2241.69,2241.69,1,2241.69
ce77b4b9-53a8-413e-b21b-8ab133e2439a,c46a1572-381d-4e6e-9323-8b09a000e411,3540.97,3540.97,3540.97,1,3540.97
29f1b670-e3dc-4ca9-bdd5-8a67887d9760,76e91484-4f5f-42bf-ba2c-cdf88bd2c78d,1070.16,1070.16,1070.16,1,1070.16
e6f51acf-2bbe-4452-951f-67cbe250a950,f5842835-67c6-4e16-9b9b-54a2f00049bc,413.17,413.17,413.17,1,413.17
e6f51acf-2bbe-4452-951f-67cbe250a950,b45207e9-6868-463d-8818-a4e4c7a78fd0,755.13,755.13,755.13,1,755.13
9c46a1a7-80be-4fc1-a9b4-afc694595ed7,1edb720a-f25e-493e-a4ae-98c637658f69,4438.58,4438.58,4438.58,1,4438.58
9c46a1a7-80be-4fc1-a9b4-afc694595ed7,7106b8d0-8ad7-4406-ae0e-0a18ecfa443d,835.28,835.28,835.28,1,835.28
9c46a1a7-80be-4fc1-a9b4-afc694595ed7,c4a6a533-ee3e-4f6a-8f8c-adc12533f422,302.7,302.7,302.7,1,302.7
2fd88ed5-0b68-425b-9423-353559243d73,f6516c61-e749-4d08-870f-f590973ff55a,4356.95,4356.95,4356.95,1,4356.95
702e4f66-8215-4f7a-8ad7-ec45181f5716,bf6a1a26-4c36-45eb-8c8c-b971fd706baa,4016.09,4016.09,4016.09,1,4016.09
702e4f66-8215-4f7a-8ad7-ec45181f5716,acee5fff-2014-4ee1-aeb4-fd317db258e4,4847.76,4847.76,4847.76,1,4847.76
702e4f66-8215-4f7a-8ad7-ec45181f5716,3c3c4345-7a9b-4b20-9e03-502cbbd56d73,1108.53,1108.53,1108.53,1,1108.53
a3e98d54-73b2-4f21-9004-4c6d3af0ffd2,63fae0dc-2e64-4a85-80ce-43c02ecc5010,3604.41,3604.41,3604.41,1,3604.41
a3e98d54-73b2-4f21-9004-4c6d3af0ffd2,3daa0801-1022-4668-b01e-24e900643346,1399.39,1399.39,1399.39,1,1399.39
a3e98d54-73b2-4f21-9004-4c6d3af0ffd2,f5842835-67c6-4e16-9b9b-54a2f00049bc,1566.8,1566.8,1566.8,1,1566.8
d83524b9-1fc0-4189-87d6-c68b7b443bbf,9c77bc2c-3a06-463f-a7b2-c5511c96e2d9,3917.81,3917.81,3917.81,1,3917.81
d83524b9-1fc0-4189-87d6-c68b7b443bbf,295791dc-1fe5-43ff-8971-a6a408fc2a84,3980.09,3980.09,3980.09,1,3980.09
424374fd-e51f-4f5e-a84c-cdf6a727ff83,0b9ff403-9220-4dbc-8ad0-50a43f91f7bf,884.08,884.08,884.08,1,884.08
25385099-134c-47fd-9d11-0b391de80f17,e07a03e9-585b-45f3-9ee4-2cbbb7f3e293,1487.6,1487.6,1487.6,1,1487.6
25385099-134c-47fd-9d11-0b391de80f17,9501e9ab-cea3-4330-8bcb-3f208a6292e9,2346.43,2346.43,2346.43,1,2346.43
25385099-134c-47fd-9d11-0b391de80f17,339f4531-b6b2-4d78-89e8-ac7fd46f4722,709.2,709.2,709.2,1,709.2
547a2721-67c8-4479-8291-d27e5ba24bf8,96eb3e21-c603-4ae2-9684-fcb7cc4ee3dd,2483.31,2483.31,2483.31,1,2483.31
547a2721-67c8-4479-8291-d27e5ba24bf8,3ecb011c-af2f-46f5-a17a-c29f4c237844,1664.15,1664.15,1664.15,1,1664.15
63fae0dc-2e64-4a85-80ce-43c02ecc5010,a2c0bf17-ccad-447b-91da-02abed8bfba6,4065,4065,4065,1,4065
63fae0dc-2e64-4a85-80ce-43c02ecc5010,baee2efe-d101-4a92-af6f-6f21ed20477f,3144.41,3144.41,3144.41,1,3144.41
63fae0dc-2e64-4a85-80ce-43c02ecc5010,89af4a82-2c5f-4f1e-bee4-31653b5806af,2069.11,2069.11,2069.11,1,2069.11
6e690232-33af-4b57-bb04-236b8ae3a6e0,baee2efe-d101-4a92-af6f-6f21ed20477f,4410.98,4410.98,4410.98,1,4410.98
6e690232-33af-4b57-bb04-236b8ae3a6e0,3ad9953b-14e7-49c7-9a78-f3d8fb77c6d2,2665.13,2665.13,2665.13,1,2665.13
6e690232-33af-4b57-bb04-236b8ae3a6e0,e886b9e1-6fd3-4fc8-85ab-f02224acf01a,4127.41,4127.41,4127.41,1,4127.41
9c77bc2c-3a06-463f-a7b2-c5511c96e2d9,48f4da1d-f5cf-4352-bbee-397cd44c9066,4941.32,4941.32,4941.32,1,4941.32
9c77bc2c-3a06-463f-a7b2-c5511c96e2d9,63fae0dc-2e64-4a85-80ce-43c02ecc5010,4779.58,4779.58,4779.58,1,4779.58
9c77bc2c-3a06-463f-a7b2-c5511c96e2d9,5f9c6ad0-2054-49c3-89c8-76f6150966ab,2756.99,2756.99,2756.99,1,2756.99
9c77bc2c-3a06-463f-a7b2-c5511c96e2d9,76e91484-4f5f-42bf-ba2c-cdf88bd2c78d,4054.96,4054.96,4054.96,1,4054.96
9c77bc2c-3a06-463f-a7b2-c5511c96e2d9,54d58b80-9cc0-465a-8fc7-7bc6d5881d6f,3075.64,3075.64,3075.64,1,3075.64
9c77bc2c-3a06-463f-a7b2-c5511c96e2d9,7750aeb9-7084-4b93-9dc5-63b3fd3775d7,1294.34,1294.34,1294.34,1,1294.34
368f18ef-bce4-465e-9e39-9f162f970d6a,3d4646c0-ac33-43ff-affa-efa3651a3d34,3657.05,3657.05,3657.05,1,3657.05
368f18ef-bce4-465e-9e39-9f162f970d6a,2278b3d9-67c6-4984-9321-4f3b2dc26ecf,2587.93,2587.93,2587.93,1,2587.93
368f18ef-bce4-465e-9e39-9f162f970d6a,339f4531-b6b2-4d78-89e8-ac7fd46f4722,3375.21,3375.21,3375.21,1,3375.21
a38d1f62-c7a6-4665-b2fc-52ad88e7796d,a2c0bf17-ccad-447b-91da-02abed8bfba6,833.91,833.91,833.91,1,833.91
a38d1f62-c7a6-4665-b2fc-52ad88e7796d,371ae574-8243-41cb-9465-1fffe7106b18,4388.24,4388.24,4388.24,1,4388.24
a38d1f62-c7a6-4665-b2fc-52ad88e7796d,29f1b670-e3dc-4ca9-bdd5-8a67887d9760,116.25,116.25,116.25,1,116.25
e07a03e9-585b-45f3-9ee4-2cbbb7f3e293,a2c0bf17-ccad-447b-91da-02abed8bfba6,1175.1,1175.1,1175.1,1,1175.1
e07a03e9-585b-45f3-9ee4-2cbbb7f3e293,5e85d7ac-4d8a-4756-a4fd-0eadcb8747f1,3976.95,3976.95,3976.95,1,3976.95
e07a03e9-585b-45f3-9ee4-2cbbb7f3e293,25385099-134c-47fd-9d11-0b391de80f17,239.46,239.46,239.46,1,239.46
e07a03e9-585b-45f3-9ee4-2cbbb7f3e293,7106b8d0-8ad7-4406-ae0e-0a18ecfa443d,4228.07,4228.07,4228.07,1,4228.07
c46a1572-381d-4e6e-9323-8b09a000e411,a2c0bf17-ccad-447b-91da-02abed8bfba6,375.9,375.9,375.9,1,375.9
c46a1572-381d-4e6e-9323-8b09a000e411,339f4531-b6b2-4d78-89e8-ac7fd46f4722,3514.75,3514.75,3514.75,1,3514.75
f400cbcb-4b41-45f8-ba53-ec33ada64c6e,51bba17c-9a40-453b-ada5-1ee6aa68b2e5,1571.83,1571.83,1571.83,1,1571.83
f400cbcb-4b41-45f8-ba53-ec33ada64c6e,28e77bb6-9bfb-4f9d-86fc-0ce604059ddf,465.35,465.35,465.35,1,465.35
f400cbcb-4b41-45f8-ba53-ec33ada64c6e,f5842835-67c6-4e16-9b9b-54a2f00049bc,2701.51,2701.51,2701.51,1,2701.51
333a1178-f430-49d5-819b-7230dd912137,5e85d7ac-4d8a-4756-a4fd-0eadcb8747f1,6245.65,1458.62,3122.825,2,4787.03
333a1178-f430-49d5-819b-7230dd912137,e6f51acf-2bbe-4452-951f-67cbe250a950,529.9,529.9,529.9,1,529.9
333a1178-f430-49d5-819b-7230dd912137,afa54d3c-928b-4dfc-8f73-038a0805a858,1226.53,1226.53,1226.53,1,1226.53
333a1178-f430-49d5-819b-7230dd912137,6938310d-b6ae-465a-a730-c9853efc3de6,3817.56,3817.56,3817.56,1,3817.56
333a1178-f430-49d5-819b-7230dd912137,7106b8d0-8ad7-4406-ae0e-0a18ecfa443d,768.03,768.03,768.03,1,768.03
faba6658-5c76-491e-bf2c-d097dc5cf26c,63fae0dc-2e64-4a85-80ce-43c02ecc5010,2800.75,2800.75,2800.75,1,2800.75
5f9c6ad0-2054-49c3-89c8-76f6150966ab,6e690232-33af-4b57-bb04-236b8ae3a6e0,4043.93,4043.93,4043.93,1,4043.93
5f9c6ad0-2054-49c3-89c8-76f6150966ab,baee2efe-d101-4a92-af6f-6f21ed20477f,1774.84,1774.84,1774.84,1,1774.84
5f9c6ad0-2054-49c3-89c8-76f6150966ab,3daa0801-1022-4668-b01e-24e900643346,1726.44,1726.44,1726.44,1,1726.44
b290aa67-b9dd-42eb-bf6c-aa70f3f1d306,16f65e26-d32e-4526-9b24-b25fdb2927ca,4990.95,4990.95,4990.95,1,4990.95
d5e8fef5-6249-4f9f-a058-5f5e99a57dda,8cabfbc1-cab9-4cfa-ac5e-2e8e1fc0cc3f,4089.68,4089.68,4089.68,1,4089.68
d5e8fef5-6249-4f9f-a058-5f5e99a57dda,3c3c4345-7a9b-4b20-9e03-502cbbd56d73,1838.42,1838.42,1838.42,1,1838.42
d5e8fef5-6249-4f9f-a058-5f5e99a57dda,a1df6a89-e155-4105-921f-d9322d20f575,3739.21,3739.21,3739.21,1,3739.21
1edb720a-f25e-493e-a4ae-98c637658f69,f5842835-67c6-4e16-9b9b-54a2f00049bc,541.8,541.8,541.8,1,541.8
a4b90fa8-ae8b-4810-9c58-fd83931eaa68,84ef3700-2391-4f1c-8503-d03b0c5bf360,3648.85,3648.85,3648.85,1,3648.85
a4b90fa8-ae8b-4810-9c58-fd83931eaa68,29f1b670-e3dc-4ca9-bdd5-8a67887d9760,1195.92,1195.92,1195.92,1,1195.92
a4b90fa8-ae8b-4810-9c58-fd83931eaa68,ad38a6f8-ce61-468f-b037-b4309660dc22,506.06,506.06,506.06,1,506.06
a4b90fa8-ae8b-4810-9c58-fd83931eaa68,ed3bdd68-98da-4cee-8f03-a575eb308ad8,503.15,503.15,503.15,1,503.15
a4b90fa8-ae8b-4810-9c58-fd83931eaa68,bb93a754-491b-4cad-910c-9a13f22f5026,859.94,859.94,859.94,1,859.94
a4b90fa8-ae8b-4810-9c58-fd83931eaa68,3c3c4345-7a9b-4b20-9e03-502cbbd56d73,2624.1,2624.1,2624.1,1,2624.1
5d490d56-6b1e-4b21-9967-b5134e454374,45e85f72-752c-4e37-9440-3ca357575773,872.86,872.86,872.86,1,872.86
2ed3623f-ebf8-46a5-a887-db41af1899f0,84ef3700-2391-4f1c-8503-d03b0c5bf360,2745.09,2745.09,2745.09,1,2745.09
2ed3623f-ebf8-46a5-a887-db41af1899f0,e6f51acf-2bbe-4452-951f-67cbe250a950,3514.66,3514.66,3514.66,1,3514.66
2ed3623f-ebf8-46a5-a887-db41af1899f0,25385099-134c-47fd-9d11-0b391de80f17,4436.25,4436.25,4436.25,1,4436.25
2ed3623f-ebf8-46a5-a887-db41af1899f0,4901f973-73c9-47af-8bf5-c107313a29b5,4954.02,4954.02,4954.02,1,4954.02
83e76ede-c963-480f-b911-b38b22a228f6,1239736c-3be9-4adc-833e-f4d1c690e4c5,4805.85,4805.85,4805.85,1,4805.85
83e76ede-c963-480f-b911-b38b22a228f6,6bed1b45-f056-4ba1-8f6e-662344c28970,4279.13,4279.13,4279.13,1,4279.13
83e76ede-c963-480f-b911-b38b22a228f6,e5b38208-c21a-4fe3-9800-41339ff7c345,4713.54,4713.54,4713.54,1,4713.54
3d4646c0-ac33-43ff-affa-efa3651a3d34,2cf1d6f4-9722-4aae-9bf5-5fda5396983c,685.82,685.82,685.82,1,685.82
c2f26a34-656a-4520-8644-ffc1ad9e9c9c,0b9ff403-9220-4dbc-8ad0-50a43f91f7bf,3995.09,3995.09,3995.09,1,3995.09
c2f26a34-656a-4520-8644-ffc1ad9e9c9c,bd850e15-41fe-4b35-911b-88d1cf63914d,244.72,244.72,244.72,1,244.72
c2f26a34-656a-4520-8644-ffc1ad9e9c9c,7a3c0136-929e-4578-a620-99543487f778,1788.46,1788.46,1788.46,1,1788.46
c2f26a34-656a-4520-8644-ffc1ad9e9c9c,bb93a754-491b-4cad-910c-9a13f22f5026,2470.06,2470.06,2470.06,1,2470.06
afa54d3c-928b-4dfc-8f73-038a0805a858,5f9c6ad0-2054-49c3-89c8-76f6150966ab,226.54,226.54,226.54,1,226.54
afa54d3c-928b-4dfc-8f73-038a0805a858,ad38a6f8-ce61-468f-b037-b4309660dc22,3351.68,3351.68,3351.68,1,3351.68
afa54d3c-928b-4dfc-8f73-038a0805a858,5e24431b-0aae-467b-b6e7-3d19c4f6c264,4313.71,4313.71,4313.71,1,4313.71
76e91484-4f5f-42bf-ba2c-cdf88bd2c78d,1239736c-3be9-4adc-833e-f4d1c690e4c5,4178.88,4178.88,4178.88,1,4178.88
76e91484-4f5f-42bf-ba2c-cdf88bd2c78d,a4b90fa8-ae8b-4810-9c58-fd83931eaa68,3099.23,3099.23,3099.23,1,3099.23
76e91484-4f5f-42bf-ba2c-cdf88bd2c78d,baee2efe-d101-4a92-af6f-6f21ed20477f,4284.89,4284.89,4284.89,1,4284.89
76e91484-4f5f-42bf-ba2c-cdf88bd2c78d,bd850e15-41fe-4b35-911b-88d1cf63914d,2400.32,2400.32,2400.32,1,2400.32
295791dc-1fe5-43ff-8971-a6a408fc2a84,28e77bb6-9bfb-4f9d-86fc-0ce604059ddf,1164.23,1164.23,1164.23,1,1164.23
295791dc-1fe5-43ff-8971-a6a408fc2a84,bb93a754-491b-4cad-910c-9a13f22f5026,746.76,746.76,746.76,1,746.76
295791dc-1fe5-43ff-8971-a6a408fc2a84,88d70aaf-076b-4bec-a5aa-52b7f99c3719,2837.38,2837.38,2837.38,1,2837.38
e5ddf0db-21f1-40c8-8961-1981925186ac,89d9b9e3-40da-46f0-b93e-edd08d745a7d,321.68,321.68,321.68,1,321.68
ad38a6f8-ce61-468f-b037-b4309660dc22,ddc2074c-5fcc-4927-af96-2f6394667922,490.55,490.55,490.55,1,490.55
bd850e15-41fe-4b35-911b-88d1cf63914d,c946f6e6-7b48-44f9-85fa-7ecafb3ab5a5,4216.75,4216.75,4216.75,1,4216.75
bd850e15-41fe-4b35-911b-88d1cf63914d,d5e8fef5-6249-4f9f-a058-5f5e99a57dda,1285.96,1285.96,1285.96,1,1285.96
2278b3d9-67c6-4984-9321-4f3b2dc26ecf,63fae0dc-2e64-4a85-80ce-43c02ecc5010,1886.24,1886.24,1886.24,1,1886.24
2278b3d9-67c6-4984-9321-4f3b2dc26ecf,35fc13c8-ca3a-47dc-a819-94c7d2967d8e,2948.03,2948.03,2948.03,1,2948.03
2278b3d9-67c6-4984-9321-4f3b2dc26ecf,00ac6317-93a0-4ea0-bd4c-2dba83bdf7ff,529.61,529.61,529.61,1,529.61
89d9b9e3-40da-46f0-b93e-edd08d745a7d,d83524b9-1fc0-4189-87d6-c68b7b443bbf,1462.19,1462.19,1462.19,1,1462.19
89d9b9e3-40da-46f0-b93e-edd08d745a7d,1ec199a4-615d-44ab-bc03-2b013408d018,4265.93,4265.93,4265.93,1,4265.93
89d9b9e3-40da-46f0-b93e-edd08d745a7d,ea24bdb7-2e9c-459b-adc0-87b2346aefc0,2859.78,2859.78,2859.78,1,2859.78
6bed1b45-f056-4ba1-8f6e-662344c28970,5e93e1b9-daee-4a25-8982-e47f548c91dc,1980.45,1980.45,1980.45,1,1980.45
6bed1b45-f056-4ba1-8f6e-662344c28970,bd850e15-41fe-4b35-911b-88d1cf63914d,4158.04,4158.04,4158.04,1,4158.04
6bed1b45-f056-4ba1-8f6e-662344c28970,6938310d-b6ae-465a-a730-c9853efc3de6,3267.02,3267.02,3267.02,1,3267.02
1a6cf6e8-135f-493b-bde5-86a8ae752794,f400cbcb-4b41-45f8-ba53-ec33ada64c6e,417.07,417.07,417.07,1,417.07
1a6cf6e8-135f-493b-bde5-86a8ae752794,e4dcb8be-a88a-4815-ac0f-b31a7e965eb8,3114.39,3114.39,3114.39,1,3114.39
1a6cf6e8-135f-493b-bde5-86a8ae752794,96eb3e21-c603-4ae2-9684-fcb7cc4ee3dd,4012.52,4012.52,4012.52,1,4012.52
7a3c0136-929e-4578-a620-99543487f778,2c5a7ec6-65ee-4945-8379-382a7bbff460,3645.89,3645.89,3645.89,1,3645.89
9501e9ab-cea3-4330-8bcb-3f208a6292e9,547a2721-67c8-4479-8291-d27e5ba24bf8,3034.88,3034.88,3034.88,1,3034.88
9501e9ab-cea3-4330-8bcb-3f208a6292e9,2c5a7ec6-65ee-4945-8379-382a7bbff460,3492.6,3492.6,3492.6,1,3492.6
54d58b80-9cc0-465a-8fc7-7bc6d5881d6f,702e4f66-8215-4f7a-8ad7-ec45181f5716,1747.06,1747.06,1747.06,1,1747.06
54d58b80-9cc0-465a-8fc7-7bc6d5881d6f,424374fd-e51f-4f5e-a84c-cdf6a727ff83,2882.96,2882.96,2882.96,1,2882.96
54d58b80-9cc0-465a-8fc7-7bc6d5881d6f,a38d1f62-c7a6-4665-b2fc-52ad88e7796d,1012.78,1012.78,1012.78,1,1012.78
54d58b80-9cc0-465a-8fc7-7bc6d5881d6f,d5e8fef5-6249-4f9f-a058-5f5e99a57dda,2610,2610,2610,1,2610
54d58b80-9cc0-465a-8fc7-7bc6d5881d6f,2278b3d9-67c6-4984-9321-4f3b2dc26ecf,2736.18,2736.18,2736.18,1,2736.18
54d58b80-9cc0-465a-8fc7-7bc6d5881d6f,3ad9953b-14e7-49c7-9a78-f3d8fb77c6d2,4791.8,4791.8,4791.8,1,4791.8
d15ba277-b038-45f8-8c13-fc5db879e60e,6938310d-b6ae-465a-a730-c9853efc3de6,3673.14,3673.14,3673.14,1,3673.14
d15ba277-b038-45f8-8c13-fc5db879e60e,88d70aaf-076b-4bec-a5aa-52b7f99c3719,3685.23,3685.23,3685.23,1,3685.23
3ad9953b-14e7-49c7-9a78-f3d8fb77c6d2,2be91045-4081-4a17-9b7e-1d1d0de7d5c6,2612.58,2612.58,2612.58,1,2612.58
e4dcb8be-a88a-4815-ac0f-b31a7e965eb8,371ae574-8243-41cb-9465-1fffe7106b18,3429.54,3429.54,3429.54,1,3429.54
e4dcb8be-a88a-4815-ac0f-b31a7e965eb8,547a2721-67c8-4479-8291-d27e5ba24bf8,459.47,459.47,459.47,1,459.47
e4dcb8be-a88a-4815-ac0f-b31a7e965eb8,4901f973-73c9-47af-8bf5-c107313a29b5,710.29,710.29,710.29,1,710.29
f6516c61-e749-4d08-870f-f590973ff55a,371ae574-8243-41cb-9465-1fffe7106b18,3782.71,3782.71,3782.71,1,3782.71
f6516c61-e749-4d08-870f-f590973ff55a,96eb3e21-c603-4ae2-9684-fcb7cc4ee3dd,4270.77,4270.77,4270.77,1,4270.77
3bc372c2-fbda-409c-8ba0-9d5f8ddc37d9,b45207e9-6868-463d-8818-a4e4c7a78fd0,3484.94,3484.94,3484.94,1,3484.94
82d4874c-c758-4f51-ac73-136cf1eaa88e,1239736c-3be9-4adc-833e-f4d1c690e4c5,4212.17,4212.17,4212.17,1,4212.17
82d4874c-c758-4f51-ac73-136cf1eaa88e,b290aa67-b9dd-42eb-bf6c-aa70f3f1d306,3299.07,3299.07,3299.07,1,3299.07
82d4874c-c758-4f51-ac73-136cf1eaa88e,e886b9e1-6fd3-4fc8-85ab-f02224acf01a,2470.97,2470.97,2470.97,1,2470.97
82d4874c-c758-4f51-ac73-136cf1eaa88e,89af4a82-2c5f-4f1e-bee4-31653b5806af,1645.07,1645.07,1645.07,1,1645.07
6938310d-b6ae-465a-a730-c9853efc3de6,702e4f66-8215-4f7a-8ad7-ec45181f5716,4382.35,4382.35,4382.35,1,4382.35
28e77bb6-9bfb-4f9d-86fc-0ce604059ddf,2be91045-4081-4a17-9b7e-1d1d0de7d5c6,1864.25,1864.25,1864.25,1,1864.25
28e77bb6-9bfb-4f9d-86fc-0ce604059ddf,88d70aaf-076b-4bec-a5aa-52b7f99c3719,2869.24,2869.24,2869.24,1,2869.24
51c2c3ba-ff1a-4dab-9c57-5cce10bdc160,702e4f66-8215-4f7a-8ad7-ec45181f5716,2259.48,2259.48,2259.48,1,2259.48
51c2c3ba-ff1a-4dab-9c57-5cce10bdc160,d83524b9-1fc0-4189-87d6-c68b7b443bbf,2626.06,2626.06,2626.06,1,2626.06
35fc13c8-ca3a-47dc-a819-94c7d2967d8e,e07a03e9-585b-45f3-9ee4-2cbbb7f3e293,3231.71,3231.71,3231.71,1,3231.71
35fc13c8-ca3a-47dc-a819-94c7d2967d8e,3c3c4345-7a9b-4b20-9e03-502cbbd56d73,2816.08,2816.08,2816.08,1,2816.08
35fc13c8-ca3a-47dc-a819-94c7d2967d8e,c4a6a533-ee3e-4f6a-8f8c-adc12533f422,3420.26,3420.26,3420.26,1,3420.26
2c5a7ec6-65ee-4945-8379-382a7bbff460,547a2721-67c8-4479-8291-d27e5ba24bf8,725.5,725.5,725.5,1,725.5
1d8df5ea-697d-4e0d-a0b8-472d9970b509,e07a03e9-585b-45f3-9ee4-2cbbb7f3e293,3230.04,3230.04,3230.04,1,3230.04
562015f6-c042-437e-8367-347c06d60cb7,3ad9953b-14e7-49c7-9a78-f3d8fb77c6d2,1197.94,1197.94,1197.94,1,1197.94
562015f6-c042-437e-8367-347c06d60cb7,f6516c61-e749-4d08-870f-f590973ff55a,1779.75,1779.75,1779.75,1,1779.75
562015f6-c042-437e-8367-347c06d60cb7,96eb3e21-c603-4ae2-9684-fcb7cc4ee3dd,2961.86,2961.86,2961.86,1,2961.86
562015f6-c042-437e-8367-347c06d60cb7,89af4a82-2c5f-4f1e-bee4-31653b5806af,1208.76,1208.76,1208.76,1,1208.76
acee5fff-2014-4ee1-aeb4-fd317db258e4,7750aeb9-7084-4b93-9dc5-63b3fd3775d7,4447.9,4447.9,4447.9,1,4447.9
edc8229c-a709-4d94-b948-60e2167caf2e,afa54d3c-928b-4dfc-8f73-038a0805a858,1125.39,1125.39,1125.39,1,1125.39
edc8229c-a709-4d94-b948-60e2167caf2e,acee5fff-2014-4ee1-aeb4-fd317db258e4,3302.63,3302.63,3302.63,1,3302.63
edc8229c-a709-4d94-b948-60e2167caf2e,00ac6317-93a0-4ea0-bd4c-2dba83bdf7ff,258.92,258.92,258.92,1,258.92
96eb3e21-c603-4ae2-9684-fcb7cc4ee3dd,89d9b9e3-40da-46f0-b93e-edd08d745a7d,140.69,140.69,140.69,1,140.69
96eb3e21-c603-4ae2-9684-fcb7cc4ee3dd,2c5a7ec6-65ee-4945-8379-382a7bbff460,4584.1,1479.02,2292.05,2,3105.08
96eb3e21-c603-4ae2-9684-fcb7cc4ee3dd,3ecb011c-af2f-46f5-a17a-c29f4c237844,339.48,339.48,339.48,1,339.48
96eb3e21-c603-4ae2-9684-fcb7cc4ee3dd,96eb3e21-c603-4ae2-9684-fcb7cc4ee3dd,2472.69,2472.69,2472.69,1,2472.69
3ecb011c-af2f-46f5-a17a-c29f4c237844,7750aeb9-7084-4b93-9dc5-63b3fd3775d7,275.42,275.42,275.42,1,275.42
1ec199a4-615d-44ab-bc03-2b013408d018,c946f6e6-7b48-44f9-85fa-7ecafb3ab5a5,1075.35,1075.35,1075.35,1,1075.35
1ec199a4-615d-44ab-bc03-2b013408d018,8cabfbc1-cab9-4cfa-ac5e-2e8e1fc0cc3f,425.64,425.64,425.64,1,425.64
1ec199a4-615d-44ab-bc03-2b013408d018,2278b3d9-67c6-4984-9321-4f3b2dc26ecf,13.72,13.72,13.72,1,13.72
0c2795a1-1f62-4522-8d31-df78a5e1bcfa,9c77bc2c-3a06-463f-a7b2-c5511c96e2d9,4101.78,4101.78,4101.78,1,4101.78
0c2795a1-1f62-4522-8d31-df78a5e1bcfa,bd850e15-41fe-4b35-911b-88d1cf63914d,162.47,162.47,162.47,1,162.47
0c2795a1-1f62-4522-8d31-df78a5e1bcfa,f35dfe64-0eeb-40b1-bfd6-92bead2f1a07,1997.95,1997.95,1997.95,1,1997.95
e886b9e1-6fd3-4fc8-85ab-f02224acf01a,333a1178-f430-49d5-819b-7230dd912137,650.71,650.71,650.71,1,650.71
e886b9e1-6fd3-4fc8-85ab-f02224acf01a,83e76ede-c963-480f-b911-b38b22a228f6,4936.58,4936.58,4936.58,1,4936.58
7750aeb9-7084-4b93-9dc5-63b3fd3775d7,295791dc-1fe5-43ff-8971-a6a408fc2a84,3329.99,3329.99,3329.99,1,3329.99
7750aeb9-7084-4b93-9dc5-63b3fd3775d7,35fc13c8-ca3a-47dc-a819-94c7d2967d8e,1032.05,1032.05,1032.05,1,1032.05
7106b8d0-8ad7-4406-ae0e-0a18ecfa443d,f315b54f-cd92-46f7-a4b3-741731b82e11,162.13,162.13,162.13,1,162.13
7106b8d0-8ad7-4406-ae0e-0a18ecfa443d,1239736c-3be9-4adc-833e-f4d1c690e4c5,4193.16,4193.16,4193.16,1,4193.16
7106b8d0-8ad7-4406-ae0e-0a18ecfa443d,88d70aaf-076b-4bec-a5aa-52b7f99c3719,3623.38,3623.38,3623.38,1,3623.38
ea24bdb7-2e9c-459b-adc0-87b2346aefc0,702e4f66-8215-4f7a-8ad7-ec45181f5716,3147.87,3147.87,3147.87,1,3147.87
ea24bdb7-2e9c-459b-adc0-87b2346aefc0,368f18ef-bce4-465e-9e39-9f162f970d6a,274.88,274.88,274.88,1,274.88
ea24bdb7-2e9c-459b-adc0-87b2346aefc0,3d4646c0-ac33-43ff-affa-efa3651a3d34,4517.79,4517.79,4517.79,1,4517.79
ea24bdb7-2e9c-459b-adc0-87b2346aefc0,0c33e32c-0fde-408c-a012-f5fdfa9afdd0,131.14,131.14,131.14,1,131.14
6cdf926e-a8d0-4d38-ae32-e51f941087e2,5e93e1b9-daee-4a25-8982-e47f548c91dc,3065.22,3065.22,3065.22,1,3065.22
f53a4830-8198-436a-ae7f-9b82ff3a478e,3bc372c2-fbda-409c-8ba0-9d5f8ddc37d9,3776.64,3776.64,3776.64,1,3776.64
f53a4830-8198-436a-ae7f-9b82ff3a478e,1ec199a4-615d-44ab-bc03-2b013408d018,289.11,289.11,289.11,1,289.11
f53a4830-8198-436a-ae7f-9b82ff3a478e,b45207e9-6868-463d-8818-a4e4c7a78fd0,2092.06,2092.06,2092.06,1,2092.06
f53a4830-8198-436a-ae7f-9b82ff3a478e,51912d86-8692-4820-b507-c8a758588ecf,360.31,360.31,360.31,1,360.31
89af4a82-2c5f-4f1e-bee4-31653b5806af,2cf1d6f4-9722-4aae-9bf5-5fda5396983c,3966.3,3966.3,3966.3,1,3966.3
89af4a82-2c5f-4f1e-bee4-31653b5806af,89a9f86d-7744-4a1d-897b-b2cfb462de47,2458.15,2458.15,2458.15,1,2458.15
89af4a82-2c5f-4f1e-bee4-31653b5806af,3c3c4345-7a9b-4b20-9e03-502cbbd56d73,488.06,488.06,488.06,1,488.06
5e24431b-0aae-467b-b6e7-3d19c4f6c264,11f9f01d-77ea-4df3-8351-59df6688cd88,410.49,410.49,410.49,1,410.49
5e24431b-0aae-467b-b6e7-3d19c4f6c264,faba6658-5c76-491e-bf2c-d097dc5cf26c,1641.7,1641.7,1641.7,1,1641.7
5e24431b-0aae-467b-b6e7-3d19c4f6c264,edc8229c-a709-4d94-b948-60e2167caf2e,3852.06,3852.06,3852.06,1,3852.06
e5b38208-c21a-4fe3-9800-41339ff7c345,e6f51acf-2bbe-4452-951f-67cbe250a950,4367.67,4367.67,4367.67,1,4367.67
e5b38208-c21a-4fe3-9800-41339ff7c345,c46a1572-381d-4e6e-9323-8b09a000e411,4209.26,4209.26,4209.26,1,4209.26
e5b38208-c21a-4fe3-9800-41339ff7c345,2c5a7ec6-65ee-4945-8379-382a7bbff460,3819.32,3819.32,3819.32,1,3819.32
ed3bdd68-98da-4cee-8f03-a575eb308ad8,2cf1d6f4-9722-4aae-9bf5-5fda5396983c,1662.05,346.54,831.025,2,1315.51
ed3bdd68-98da-4cee-8f03-a575eb308ad8,25385099-134c-47fd-9d11-0b391de80f17,2903.04,2903.04,2903.04,1,2903.04
f5842835-67c6-4e16-9b9b-54a2f00049bc,e9b7f235-09ba-438e-8b9a-19b7d518f954,1669.14,1669.14,1669.14,1,1669.14
f5842835-67c6-4e16-9b9b-54a2f00049bc,ea24bdb7-2e9c-459b-adc0-87b2346aefc0,3157.77,3157.77,3157.77,1,3157.77
f35dfe64-0eeb-40b1-bfd6-92bead2f1a07,edc8229c-a709-4d94-b948-60e2167caf2e,4269.24,4269.24,4269.24,1,4269.24
f35dfe64-0eeb-40b1-bfd6-92bead2f1a07,96eb3e21-c603-4ae2-9684-fcb7cc4ee3dd,1905.05,1905.05,1905.05,1,1905.05
f35dfe64-0eeb-40b1-bfd6-92bead2f1a07,f35dfe64-0eeb-40b1-bfd6-92bead2f1a07,4410.6,4410.6,4410.6,1,4410.6
88d70aaf-076b-4bec-a5aa-52b7f99c3719,1edb720a-f25e-493e-a4ae-98c637658f69,2379.85,2379.85,2379.85,1,2379.85
88d70aaf-076b-4bec-a5aa-52b7f99c3719,83e76ede-c963-480f-b911-b38b22a228f6,1527.03,1527.03,1527.03,1,1527.03
88d70aaf-076b-4bec-a5aa-52b7f99c3719,76e91484-4f5f-42bf-ba2c-cdf88bd2c78d,2711.42,2711.42,2711.42,1,2711.42
88d70aaf-076b-4bec-a5aa-52b7f99c3719,cff7c86c-a67b-479c-9288-cadf42349e16,1530.51,1530.51,1530.51,1,1530.51
00ac6317-93a0-4ea0-bd4c-2dba83bdf7ff,51bba17c-9a40-453b-ada5-1ee6aa68b2e5,444.43,444.43,444.43,1,444.43
00ac6317-93a0-4ea0-bd4c-2dba83bdf7ff,368f18ef-bce4-465e-9e39-9f162f970d6a,1115.98,1115.98,1115.98,1,1115.98
00ac6317-93a0-4ea0-bd4c-2dba83bdf7ff,2be91045-4081-4a17-9b7e-1d1d0de7d5c6,672.57,672.57,672.57,1,672.57
00ac6317-93a0-4ea0-bd4c-2dba83bdf7ff,f6516c61-e749-4d08-870f-f590973ff55a,3115.25,3115.25,3115.25,1,3115.25
00ac6317-93a0-4ea0-bd4c-2dba83bdf7ff,acee5fff-2014-4ee1-aeb4-fd317db258e4,3777.59,3777.59,3777.59,1,3777.59
339f4531-b6b2-4d78-89e8-ac7fd46f4722,2be91045-4081-4a17-9b7e-1d1d0de7d5c6,628.76,628.76,628.76,1,628.76
339f4531-b6b2-4d78-89e8-ac7fd46f4722,295791dc-1fe5-43ff-8971-a6a408fc2a84,2832.31,2832.31,2832.31,1,2832.31
339f4531-b6b2-4d78-89e8-ac7fd46f4722,ad38a6f8-ce61-468f-b037-b4309660dc22,19.27,19.27,19.27,1,19.27
b45207e9-6868-463d-8818-a4e4c7a78fd0,868480f9-2484-42cd-9ac3-b18ecf8c5c6e,2542.65,2542.65,2542.65,1,2542.65
b45207e9-6868-463d-8818-a4e4c7a78fd0,c946f6e6-7b48-44f9-85fa-7ecafb3ab5a5,4888.79,4888.79,4888.79,1,4888.79
b45207e9-6868-463d-8818-a4e4c7a78fd0,2fd88ed5-0b68-425b-9423-353559243d73,4904.68,4904.68,4904.68,1,4904.68
b45207e9-6868-463d-8818-a4e4c7a78fd0,9c77bc2c-3a06-463f-a7b2-c5511c96e2d9,82.7,82.7,82.7,1,82.7
b45207e9-6868-463d-8818-a4e4c7a78fd0,1a6cf6e8-135f-493b-bde5-86a8ae752794,1778.19,1778.19,1778.19,1,1778.19
b45207e9-6868-463d-8818-a4e4c7a78fd0,3ad9953b-14e7-49c7-9a78-f3d8fb77c6d2,3165.48,3165.48,3165.48,1,3165.48
b45207e9-6868-463d-8818-a4e4c7a78fd0,ed3bdd68-98da-4cee-8f03-a575eb308ad8,1384.19,1384.19,1384.19,1,1384.19
b45207e9-6868-463d-8818-a4e4c7a78fd0,b45207e9-6868-463d-8818-a4e4c7a78fd0,4433.63,4433.63,4433.63,1,4433.63
dce41f4a-7e3f-4060-bee2-82f04ebc2955,76e91484-4f5f-42bf-ba2c-cdf88bd2c78d,4916.43,4916.43,4916.43,1,4916.43
dce41f4a-7e3f-4060-bee2-82f04ebc2955,54d58b80-9cc0-465a-8fc7-7bc6d5881d6f,214.47,214.47,214.47,1,214.47
dce41f4a-7e3f-4060-bee2-82f04ebc2955,e5b38208-c21a-4fe3-9800-41339ff7c345,2564.91,2564.91,2564.91,1,2564.91
dce41f4a-7e3f-4060-bee2-82f04ebc2955,3c3c4345-7a9b-4b20-9e03-502cbbd56d73,2587.62,2587.62,2587.62,1,2587.62
711de9e9-81f6-49aa-b5f1-38b14d9d9851,8786917e-f3e0-479c-8942-8f7508402f98,478.52,478.52,478.52,1,478.52
711de9e9-81f6-49aa-b5f1-38b14d9d9851,edc8229c-a709-4d94-b948-60e2167caf2e,2450.14,2450.14,2450.14,1,2450.14
3c3c4345-7a9b-4b20-9e03-502cbbd56d73,0b9ff403-9220-4dbc-8ad0-50a43f91f7bf,3064.29,3064.29,3064.29,1,3064.29
3c3c4345-7a9b-4b20-9e03-502cbbd56d73,c2f26a34-656a-4520-8644-ffc1ad9e9c9c,940.13,940.13,940.13,1,940.13
3c3c4345-7a9b-4b20-9e03-502cbbd56d73,295791dc-1fe5-43ff-8971-a6a408fc2a84,4794.91,4794.91,4794.91,1,4794.91
3c3c4345-7a9b-4b20-9e03-502cbbd56d73,3ad9953b-14e7-49c7-9a78-f3d8fb77c6d2,1033.44,1033.44,1033.44,1,1033.44
3c3c4345-7a9b-4b20-9e03-502cbbd56d73,3daa0801-1022-4668-b01e-24e900643346,4840.78,4840.78,4840.78,1,4840.78
3c3c4345-7a9b-4b20-9e03-502cbbd56d73,5e24431b-0aae-467b-b6e7-3d19c4f6c264,1608.83,1608.83,1608.83,1,1608.83
47155ac4-1b06-4296-a4b9-9aab9c39cda4,371ae574-8243-41cb-9465-1fffe7106b18,2207.58,2207.58,2207.58,1,2207.58
0c33e32c-0fde-408c-a012-f5fdfa9afdd0,00ac6317-93a0-4ea0-bd4c-2dba83bdf7ff,338.09,338.09,338.09,1,338.09
0c33e32c-0fde-408c-a012-f5fdfa9afdd0,0c33e32c-0fde-408c-a012-f5fdfa9afdd0,4634.39,4634.39,4634.39,1,4634.39
c4a6a533-ee3e-4f6a-8f8c-adc12533f422,c2f26a34-656a-4520-8644-ffc1ad9e9c9c,4645.36,4645.36,4645.36,1,4645.36
c4a6a533-ee3e-4f6a-8f8c-adc12533f422,9501e9ab-cea3-4330-8bcb-3f208a6292e9,2165.13,2165.13,2165.13,1,2165.13
d6b77d00-6e8d-44d0-a80d-333dec81d41d,1ec199a4-615d-44ab-bc03-2b013408d018,442.88,442.88,442.88,1,442.88
a1df6a89-e155-4105-921f-d9322d20f575,f315b54f-cd92-46f7-a4b3-741731b82e11,2908.19,2908.19,2908.19,1,2908.19
a1df6a89-e155-4105-921f-d9322d20f575,1239736c-3be9-4adc-833e-f4d1c690e4c5,2564.58,2564.58,2564.58,1,2564.58
51912d86-8692-4820-b507-c8a758588ecf,63fae0dc-2e64-4a85-80ce-43c02ecc5010,2549.72,2549.72,2549.72,1,2549.72
4901f973-73c9-47af-8bf5-c107313a29b5,f35dfe64-0eeb-40b1-bfd6-92bead2f1a07,2674.73,2674.73,2674.73,1,2674.73